{
  "IsEncrypted": false,
  "Values": {
    "AzureWebJobsStorage":"DefaultEndpointsProtocol=https;AccountName=octopusdigitala326;AccountKey=4/N1iEXHQ+4LU+wPOJgyKgfXtASKkk24Qcr5k1lBcQgCXrSdraN0pVbqKpNUoRnrqU74JOHD4n/3+AStjBD0wg==;EndpointSuffix=core.windows.net",
    "FUNCTIONS_WORKER_RUNTIME": "python",
    "sql_server": "tcp:octopusdigitalsql.database.windows.net",
    "database_name": "Production_Replica",
    "sql_username": "octopusdigital",
    "sql_password": "avanceon@786",
    "Database_Key": "avanceon@786",
    "AzureWebJobs.check.Disabled": "true",
    "Client_Id": "1813de48-2733-4220-ab74-7804859f8fb6",
    "Client_Secret": "cHi8Q~xFi3Sp2D6BvUFBV.Ybh_VJwwnQBe4tGaLg",
    "app_id": "0f34cb0d-38ea-428d-8114-6486d17b9df5",
    "AAD_Tenant_Id": "0f34cb0d-38ea-428d-8114-6486d17b9df5",
    "current_latest_date": "2021-12-29T06:00:40Z",
    "site_id": "437",
    "AzureWebJobs.CalculateStats.Disabled": "false",
    "AzureWebJobs.ProcessSuppressedAlarms.Disabled": "false",
    "AzureWebJobs.DataAlarmEngine.Disabled": "false"
  }
}
